run_id,approach_speed_mps,object_size_m,lighting,sensor_noise_px,injected_latency_s,l_m,x_m,u_mps,tau_true_s,tau_hat_s,error_abs_s,error_pct,event_count,estimate_status,event_backend
0,0.5,0.04,0.5,0.0,0.0,0.04,6.0,0.5,12.0,12.485517773030558,0.48551777303055843,4.04598144192132,360,ok,synthetic
1,0.5,0.04,0.5,0.0,0.005,0.04,6.0,0.5,12.0,12.49051777303056,0.4905177730305592,4.087648108587993,360,ok,synthetic
2,0.5,0.04,0.5,0.0,0.02,0.04,6.0,0.5,12.0,12.505517773030567,0.5055177730305669,4.212648108588057,360,ok,synthetic
3,0.5,0.04,0.5,0.5,0.0,0.04,6.0,0.5,12.0,12.367240000453558,0.36724000045355787,3.0603333371129824,360,ok,synthetic
4,0.5,0.04,0.5,0.5,0.005,0.04,6.0,0.5,12.0,11.920077780080812,0.07992221991918846,0.6660184993265705,360,ok,synthetic
5,0.5,0.04,0.5,0.5,0.02,0.04,6.0,0.5,12.0,11.736943717754489,0.26305628224551114,2.1921356853792595,360,ok,synthetic
6,0.5,0.04,0.5,1.5,0.0,0.04,6.0,0.5,12.0,12.158200517172233,0.15820051717223294,1.3183376431019411,360,ok,synthetic
7,0.5,0.04,0.5,1.5,0.005,0.04,6.0,0.5,12.0,11.61623699535793,0.3837630046420699,3.198025038683916,360,ok,synthetic
8,0.5,0.04,0.5,1.5,0.02,0.04,6.0,0.5,12.0,10.537986949471517,1.4620130505284834,12.183442087737362,360,ok,synthetic
9,0.5,0.04,1.0,0.0,0.0,0.04,6.0,0.5,12.0,12.485517773030558,0.48551777303055843,4.04598144192132,360,ok,synthetic
10,0.5,0.04,1.0,0.0,0.005,0.04,6.0,0.5,12.0,12.49051777303056,0.4905177730305592,4.087648108587993,360,ok,synthetic
11,0.5,0.04,1.0,0.0,0.02,0.04,6.0,0.5,12.0,12.505517773030567,0.5055177730305669,4.212648108588057,360,ok,synthetic
12,0.5,0.04,1.0,0.5,0.0,0.04,6.0,0.5,12.0,11.1065171510757,0.8934828489243003,7.445690407702503,360,ok,synthetic
13,0.5,0.04,1.0,0.5,0.005,0.04,6.0,0.5,12.0,11.715443961985928,0.28455603801407214,2.3713003167839344,360,ok,synthetic
14,0.5,0.04,1.0,0.5,0.02,0.04,6.0,0.5,12.0,11.386863153063082,0.6131368469369178,5.109473724474316,360,ok,synthetic
15,0.5,0.04,1.0,1.5,0.0,0.04,6.0,0.5,12.0,14.461199030139422,2.461199030139422,20.50999191782852,360,ok,synthetic
16,0.5,0.04,1.0,1.5,0.005,0.04,6.0,0.5,12.0,12.101216815314137,0.10121681531413707,0.8434734609511422,360,ok,synthetic
17,0.5,0.04,1.0,1.5,0.02,0.04,6.0,0.5,12.0,11.326223068421903,0.6737769315780966,5.614807763150805,360,ok,synthetic
18,0.5,0.04,2.0,0.0,0.0,0.04,6.0,0.5,12.0,12.485517773030558,0.48551777303055843,4.04598144192132,360,ok,synthetic
19,0.5,0.04,2.0,0.0,0.005,0.04,6.0,0.5,12.0,12.49051777303056,0.4905177730305592,4.087648108587993,360,ok,synthetic
20,0.5,0.04,2.0,0.0,0.02,0.04,6.0,0.5,12.0,12.505517773030567,0.5055177730305669,4.212648108588057,360,ok,synthetic
21,0.5,0.04,2.0,0.5,0.0,0.04,6.0,0.5,12.0,11.079295364886907,0.9207046351130934,7.672538625942445,360,ok,synthetic
22,0.5,0.04,2.0,0.5,0.005,0.04,6.0,0.5,12.0,12.014951631455569,0.01495163145556866,0.12459692879640549,360,ok,synthetic
23,0.5,0.04,2.0,0.5,0.02,0.04,6.0,0.5,12.0,11.28969371589647,0.7103062841035293,5.919219034196078,360,ok,synthetic
24,0.5,0.04,2.0,1.5,0.0,0.04,6.0,0.5,12.0,11.647419274344312,0.3525807256556881,2.938172713797401,360,ok,synthetic
25,0.5,0.04,2.0,1.5,0.005,0.04,6.0,0.5,12.0,10.603179140923201,1.396820859076799,11.640173825639991,360,ok,synthetic
26,0.5,0.04,2.0,1.5,0.02,0.04,6.0,0.5,12.0,11.087943849076117,0.9120561509238829,7.600467924365691,360,ok,synthetic
27,0.5,0.08,0.5,0.0,0.0,0.08,6.0,0.5,12.0,12.01115891053331,0.011158910533309196,0.09299092111090997,360,ok,synthetic
28,0.5,0.08,0.5,0.0,0.005,0.08,6.0,0.5,12.0,12.0161589105333,0.01615891053329932,0.13465758777749434,360,ok,synthetic
29,0.5,0.08,0.5,0.0,0.02,0.08,6.0,0.5,12.0,12.031158910533312,0.031158910533312323,0.25965758777760267,360,ok,synthetic
30,0.5,0.08,0.5,0.5,0.0,0.08,6.0,0.5,12.0,11.821115003581424,0.17888499641857614,1.4907083034881345,360,ok,synthetic
31,0.5,0.08,0.5,0.5,0.005,0.08,6.0,0.5,12.0,11.888784103758333,0.11121589624166717,0.9267991353472264,360,ok,synthetic
32,0.5,0.08,0.5,0.5,0.02,0.08,6.0,0.5,12.0,11.873062941099288,0.12693705890071172,1.0578088241725976,360,ok,synthetic
33,0.5,0.08,0.5,1.5,0.0,0.08,6.0,0.5,12.0,11.785336810834586,0.21466318916541383,1.7888599097117819,360,ok,synthetic
34,0.5,0.08,0.5,1.5,0.005,0.08,6.0,0.5,12.0,11.226599965710342,0.7734000342896579,6.445000285747149,360,ok,synthetic
35,0.5,0.08,0.5,1.5,0.02,0.08,6.0,0.5,12.0,12.056058977315594,0.05605897731559395,0.46715814429661623,360,ok,synthetic
36,0.5,0.08,1.0,0.0,0.0,0.08,6.0,0.5,12.0,12.01115891053331,0.011158910533309196,0.09299092111090997,360,ok,synthetic
37,0.5,0.08,1.0,0.0,0.005,0.08,6.0,0.5,12.0,12.0161589105333,0.01615891053329932,0.13465758777749434,360,ok,synthetic
38,0.5,0.08,1.0,0.0,0.02,0.08,6.0,0.5,12.0,12.031158910533312,0.031158910533312323,0.25965758777760267,360,ok,synthetic
39,0.5,0.08,1.0,0.5,0.0,0.08,6.0,0.5,12.0,11.749229513479458,0.25077048652054224,2.089754054337852,360,ok,synthetic
40,0.5,0.08,1.0,0.5,0.005,0.08,6.0,0.5,12.0,11.609867082173775,0.39013291782622517,3.2511076485518764,360,ok,synthetic
41,0.5,0.08,1.0,0.5,0.02,0.08,6.0,0.5,12.0,11.825226280028062,0.17477371997193814,1.4564476664328179,360,ok,synthetic
42,0.5,0.08,1.0,1.5,0.0,0.08,6.0,0.5,12.0,11.115588704167616,0.8844112958323844,7.370094131936537,360,ok,synthetic
43,0.5,0.08,1.0,1.5,0.005,0.08,6.0,0.5,12.0,10.624561865586873,1.3754381344131268,11.461984453442724,360,ok,synthetic
44,0.5,0.08,1.0,1.5,0.02,0.08,6.0,0.5,12.0,12.484818496078498,0.48481849607849803,4.040154133987484,360,ok,synthetic
45,0.5,0.08,2.0,0.0,0.0,0.08,6.0,0.5,12.0,12.000868460112049,0.0008684601120485524,0.007237167600404604,368,ok,synthetic
46,0.5,0.08,2.0,0.0,0.005,0.08,6.0,0.5,12.0,12.005868460112062,0.0058684601120617685,0.0489038342671814,368,ok,synthetic
47,0.5,0.08,2.0,0.0,0.02,0.08,6.0,0.5,12.0,12.020868460112053,0.020868460112053455,0.17390383426711212,368,ok,synthetic
48,0.5,0.08,2.0,0.5,0.0,0.08,6.0,0.5,12.0,12.089979021771713,0.08997902177171291,0.7498251814309409,368,ok,synthetic
49,0.5,0.08,2.0,0.5,0.005,0.08,6.0,0.5,12.0,11.780331190695652,0.2196688093043484,1.83057341086957,368,ok,synthetic
50,0.5,0.08,2.0,0.5,0.02,0.08,6.0,0.5,12.0,11.88342202054381,0.1165779794561903,0.9714831621349193,368,ok,synthetic
51,0.5,0.08,2.0,1.5,0.0,0.08,6.0,0.5,12.0,11.99449586380352,0.005504136196480047,0.04586780163733373,368,ok,synthetic
52,0.5,0.08,2.0,1.5,0.005,0.08,6.0,0.5,12.0,10.2374138757309,1.7625861242691006,14.688217702242504,368,ok,synthetic
53,0.5,0.08,2.0,1.5,0.02,0.08,6.0,0.5,12.0,11.26324591709905,0.7367540829009496,6.139617357507913,368,ok,synthetic
54,0.5,0.16,0.5,0.0,0.0,0.16,6.0,0.5,12.0,11.96858054541952,0.03141945458047957,0.2618287881706631,360,ok,synthetic
55,0.5,0.16,0.5,0.0,0.005,0.16,6.0,0.5,12.0,11.9735805454195,0.0264194545805001,0.2201621215041675,360,ok,synthetic
56,0.5,0.16,0.5,0.0,0.02,0.16,6.0,0.5,12.0,11.988580545419518,0.01141945458048177,0.09516212150401475,360,ok,synthetic
57,0.5,0.16,0.5,0.5,0.0,0.16,6.0,0.5,12.0,11.916236085952098,0.08376391404790162,0.6980326170658468,360,ok,synthetic
58,0.5,0.16,0.5,0.5,0.005,0.16,6.0,0.5,12.0,11.94250297272529,0.05749702727471018,0.47914189395591816,360,ok,synthetic
59,0.5,0.16,0.5,0.5,0.02,0.16,6.0,0.5,12.0,11.945985705312212,0.05401429468778751,0.45011912239822927,360,ok,synthetic
60,0.5,0.16,0.5,1.5,0.0,0.16,6.0,0.5,12.0,11.434774131822683,0.5652258681773166,4.710215568144305,360,ok,synthetic
61,0.5,0.16,0.5,1.5,0.005,0.16,6.0,0.5,12.0,12.155907115237639,0.155907115237639,1.2992259603136584,360,ok,synthetic
62,0.5,0.16,0.5,1.5,0.02,0.16,6.0,0.5,12.0,11.721803550944461,0.27819644905553886,2.3183037421294905,360,ok,synthetic
63,0.5,0.16,1.0,0.0,0.0,0.16,6.0,0.5,12.0,11.970174923000169,0.029825076999831168,0.2485423083319264,368,ok,synthetic
64,0.5,0.16,1.0,0.0,0.005,0.16,6.0,0.5,12.0,11.975174923000173,0.024825076999826834,0.20687564166522363,368,ok,synthetic
65,0.5,0.16,1.0,0.0,0.02,0.16,6.0,0.5,12.0,11.990174923000158,0.009825076999842253,0.0818756416653521,368,ok,synthetic
66,0.5,0.16,1.0,0.5,0.0,0.16,6.0,0.5,12.0,11.826434889053411,0.17356511094658877,1.4463759245549064,368,ok,synthetic
67,0.5,0.16,1.0,0.5,0.005,0.16,6.0,0.5,12.0,12.038384282139065,0.03838428213906475,0.3198690178255396,368,ok,synthetic
68,0.5,0.16,1.0,0.5,0.02,0.16,6.0,0.5,12.0,12.039044695086886,0.03904469508688635,0.32537245905738627,368,ok,synthetic
69,0.5,0.16,1.0,1.5,0.0,0.16,6.0,0.5,12.0,12.356995077770682,0.35699507777068185,2.9749589814223487,368,ok,synthetic
70,0.5,0.16,1.0,1.5,0.005,0.16,6.0,0.5,12.0,11.114907565319687,0.8850924346803133,7.3757702890026104,368,ok,synthetic
71,0.5,0.16,1.0,1.5,0.02,0.16,6.0,0.5,12.0,11.58375814727934,0.4162418527206597,3.4686821060054975,368,ok,synthetic
72,0.5,0.16,2.0,0.0,0.0,0.16,6.0,0.5,12.0,11.9741528276966,0.025847172303400612,0.21539310252833843,503,ok,synthetic
73,0.5,0.16,2.0,0.0,0.005,0.16,6.0,0.5,12.0,11.979152827696595,0.02084717230340516,0.17372643586170966,503,ok,synthetic
74,0.5,0.16,2.0,0.0,0.02,0.16,6.0,0.5,12.0,11.994152827696611,0.005847172303388604,0.048726435861571694,503,ok,synthetic
75,0.5,0.16,2.0,0.5,0.0,0.16,6.0,0.5,12.0,11.933155915518968,0.06684408448103163,0.5570340373419302,503,ok,synthetic
76,0.5,0.16,2.0,0.5,0.005,0.16,6.0,0.5,12.0,12.052724736672598,0.05272473667259803,0.43937280560498354,503,ok,synthetic
77,0.5,0.16,2.0,0.5,0.02,0.16,6.0,0.5,12.0,12.023114285947477,0.023114285947476887,0.19261904956230738,503,ok,synthetic
78,0.5,0.16,2.0,1.5,0.0,0.16,6.0,0.5,12.0,11.618361305234018,0.3816386947659822,3.1803224563831853,503,ok,synthetic
79,0.5,0.16,2.0,1.5,0.005,0.16,6.0,0.5,12.0,11.986432506510495,0.013567493489505367,0.11306244574587805,503,ok,synthetic
80,0.5,0.16,2.0,1.5,0.02,0.16,6.0,0.5,12.0,11.59409552854476,0.40590447145524067,3.3825372621270056,503,ok,synthetic
81,1.0,0.04,0.5,0.0,0.0,0.04,6.0,1.0,6.0,6.224490685052271,0.2244906850522712,3.7415114175378537,180,ok,synthetic
82,1.0,0.04,0.5,0.0,0.005,0.04,6.0,1.0,6.0,6.22949068505227,0.22949068505227022,3.8248447508711703,180,ok,synthetic
83,1.0,0.04,0.5,0.0,0.02,0.04,6.0,1.0,6.0,6.2444906850522655,0.24449068505226546,4.074844750871091,180,ok,synthetic
84,1.0,0.04,0.5,0.5,0.0,0.04,6.0,1.0,6.0,6.172946499056292,0.1729464990562919,2.882441650938198,180,ok,synthetic
85,1.0,0.04,0.5,0.5,0.005,0.04,6.0,1.0,6.0,5.5065003357394495,0.4934996642605505,8.224994404342509,180,ok,synthetic
86,1.0,0.04,0.5,0.5,0.02,0.04,6.0,1.0,6.0,5.960588319590485,0.039411680409514815,0.6568613401585802,180,ok,synthetic
87,1.0,0.04,0.5,1.5,0.0,0.04,6.0,1.0,6.0,6.363885691178873,0.36388569117887304,6.064761519647884,180,ok,synthetic
88,1.0,0.04,0.5,1.5,0.005,0.04,6.0,1.0,6.0,5.591843506527077,0.40815649347292293,6.802608224548716,180,ok,synthetic
89,1.0,0.04,0.5,1.5,0.02,0.04,6.0,1.0,6.0,5.961001211528568,0.03899878847143157,0.6499798078571928,180,ok,synthetic
90,1.0,0.04,1.0,0.0,0.0,0.04,6.0,1.0,6.0,6.224490685052271,0.2244906850522712,3.7415114175378537,180,ok,synthetic
91,1.0,0.04,1.0,0.0,0.005,0.04,6.0,1.0,6.0,6.22949068505227,0.22949068505227022,3.8248447508711703,180,ok,synthetic
92,1.0,0.04,1.0,0.0,0.02,0.04,6.0,1.0,6.0,6.2444906850522655,0.24449068505226546,4.074844750871091,180,ok,synthetic
93,1.0,0.04,1.0,0.5,0.0,0.04,6.0,1.0,6.0,6.036942986937809,0.03694298693780862,0.615716448963477,180,ok,synthetic
94,1.0,0.04,1.0,0.5,0.005,0.04,6.0,1.0,6.0,5.836483596613755,0.16351640338624485,2.7252733897707473,180,ok,synthetic
95,1.0,0.04,1.0,0.5,0.02,0.04,6.0,1.0,6.0,6.138805043552671,0.13880504355267131,2.313417392544522,180,ok,synthetic
96,1.0,0.04,1.0,1.5,0.0,0.04,6.0,1.0,6.0,5.6323495371760455,0.3676504628239545,6.127507713732576,180,ok,synthetic
97,1.0,0.04,1.0,1.5,0.005,0.04,6.0,1.0,6.0,6.485733641429031,0.4857336414290314,8.095560690483858,180,ok,synthetic
98,1.0,0.04,1.0,1.5,0.02,0.04,6.0,1.0,6.0,6.008884708174678,0.008884708174678124,0.14807846957796875,180,ok,synthetic
99,1.0,0.04,2.0,0.0,0.0,0.04,6.0,1.0,6.0,6.19632956891769,0.19632956891769027,3.2721594819615043,184,ok,synthetic
100,1.0,0.04,2.0,0.0,0.005,0.04,6.0,1.0,6.0,6.201329568917685,0.20132956891768483,3.355492815294747,184,ok,synthetic
101,1.0,0.04,2.0,0.0,0.02,0.04,6.0,1.0,6.0,6.216329568917692,0.21632956891769162,3.6054928152948604,184,ok,synthetic
102,1.0,0.04,2.0,0.5,0.0,0.04,6.0,1.0,6.0,5.539302639169639,0.46069736083036084,7.67828934717268,184,ok,synthetic
103,1.0,0.04,2.0,0.5,0.005,0.04,6.0,1.0,6.0,5.6735137547592025,0.3264862452407975,5.441437420679958,184,ok,synthetic
104,1.0,0.04,2.0,0.5,0.02,0.04,6.0,1.0,6.0,5.361832728379134,0.6381672716208664,10.636121193681106,184,ok,synthetic
105,1.0,0.04,2.0,1.5,0.0,0.04,6.0,1.0,6.0,6.78073422668686,0.7807342266868602,13.01223711144767,184,ok,synthetic
106,1.0,0.04,2.0,1.5,0.005,0.04,6.0,1.0,6.0,6.164764053770125,0.16476405377012515,2.746067562835419,184,ok,synthetic
107,1.0,0.04,2.0,1.5,0.02,0.04,6.0,1.0,6.0,6.03470748424166,0.03470748424166015,0.5784580706943357,184,ok,synthetic
108,1.0,0.08,0.5,0.0,0.0,0.08,6.0,1.0,6.0,6.016277207981293,0.016277207981293174,0.27128679968821956,180,ok,synthetic
109,1.0,0.08,0.5,0.0,0.005,0.08,6.0,1.0,6.0,6.021277207981296,0.02127720798129573,0.3546201330215955,180,ok,synthetic
110,1.0,0.08,0.5,0.0,0.02,0.08,6.0,1.0,6.0,6.0362772079812945,0.036277207981294524,0.6046201330215754,180,ok,synthetic
111,1.0,0.08,0.5,0.5,0.0,0.08,6.0,1.0,6.0,5.985638964910199,0.014361035089801355,0.23935058483002258,180,ok,synthetic
112,1.0,0.08,0.5,0.5,0.005,0.08,6.0,1.0,6.0,5.9310015419196445,0.06899845808035554,1.149974301339259,180,ok,synthetic
113,1.0,0.08,0.5,0.5,0.02,0.08,6.0,1.0,6.0,6.12832429907745,0.12832429907745002,2.1387383179575004,180,ok,synthetic
114,1.0,0.08,0.5,1.5,0.0,0.08,6.0,1.0,6.0,5.836405161728301,0.16359483827169896,2.7265806378616495,180,ok,synthetic
115,1.0,0.08,0.5,1.5,0.005,0.08,6.0,1.0,6.0,5.7887594327326255,0.2112405672673745,3.5206761211229085,180,ok,synthetic
116,1.0,0.08,0.5,1.5,0.02,0.08,6.0,1.0,6.0,5.3286824114923625,0.6713175885076375,11.188626475127291,180,ok,synthetic
117,1.0,0.08,1.0,0.0,0.0,0.08,6.0,1.0,6.0,6.005291630048218,0.005291630048217755,0.08819383413696258,184,ok,synthetic
118,1.0,0.08,1.0,0.0,0.005,0.08,6.0,1.0,6.0,6.010291630048215,0.010291630048214984,0.17152716747024974,184,ok,synthetic
119,1.0,0.08,1.0,0.0,0.02,0.08,6.0,1.0,6.0,6.025291630048215,0.025291630048214664,0.4215271674702444,184,ok,synthetic
120,1.0,0.08,1.0,0.5,0.0,0.08,6.0,1.0,6.0,6.237395380573491,0.2373953805734912,3.956589676224853,184,ok,synthetic
121,1.0,0.08,1.0,0.5,0.005,0.08,6.0,1.0,6.0,6.084816101459192,0.08481610145919216,1.413601690986536,184,ok,synthetic
122,1.0,0.08,1.0,0.5,0.02,0.08,6.0,1.0,6.0,5.999971525661912,2.847433808828015e-05,0.00047457230147133583,184,ok,synthetic
123,1.0,0.08,1.0,1.5,0.0,0.08,6.0,1.0,6.0,5.5640683884737525,0.4359316115262475,7.265526858770791,184,ok,synthetic
124,1.0,0.08,1.0,1.5,0.005,0.08,6.0,1.0,6.0,5.583185508293607,0.4168144917063934,6.946908195106556,184,ok,synthetic
125,1.0,0.08,1.0,1.5,0.02,0.08,6.0,1.0,6.0,4.7302438521227606,1.2697561478772394,21.162602464620658,184,ok,synthetic
126,1.0,0.08,2.0,0.0,0.0,0.08,6.0,1.0,6.0,6.014080517608917,0.014080517608917376,0.23467529348195626,251,ok,synthetic
127,1.0,0.08,2.0,0.0,0.005,0.08,6.0,1.0,6.0,6.019080517608918,0.019080517608918157,0.3180086268153026,251,ok,synthetic
128,1.0,0.08,2.0,0.0,0.02,0.08,6.0,1.0,6.0,6.034080517608922,0.03408051760892228,0.5680086268153713,251,ok,synthetic
129,1.0,0.08,2.0,0.5,0.0,0.08,6.0,1.0,6.0,6.049152666453728,0.04915266645372807,0.8192111075621344,251,ok,synthetic
130,1.0,0.08,2.0,0.5,0.005,0.08,6.0,1.0,6.0,5.743782341167485,0.2562176588325151,4.270294313875252,251,ok,synthetic
131,1.0,0.08,2.0,0.5,0.02,0.08,6.0,1.0,6.0,5.987934450989899,0.012065549010101151,0.20109248350168585,251,ok,synthetic
132,1.0,0.08,2.0,1.5,0.0,0.08,6.0,1.0,6.0,5.589287285450714,0.4107127145492857,6.845211909154762,251,ok,synthetic
133,1.0,0.08,2.0,1.5,0.005,0.08,6.0,1.0,6.0,6.005825596406351,0.005825596406350719,0.09709327343917866,251,ok,synthetic
134,1.0,0.08,2.0,1.5,0.02,0.08,6.0,1.0,6.0,6.135221707449775,0.1352217074497748,2.2536951241629133,251,ok,synthetic
135,1.0,0.16,0.5,0.0,0.0,0.16,6.0,1.0,6.0,5.951517644458397,0.048482355541603184,0.8080392590267197,184,ok,synthetic
136,1.0,0.16,0.5,0.0,0.005,0.16,6.0,1.0,6.0,5.956517644458394,0.043482355541605955,0.7247059256934326,184,ok,synthetic
137,1.0,0.16,0.5,0.0,0.02,0.16,6.0,1.0,6.0,5.971517644458393,0.028482355541607163,0.4747059256934527,184,ok,synthetic
138,1.0,0.16,0.5,0.5,0.0,0.16,6.0,1.0,6.0,6.0776018173243775,0.07760181732437754,1.293363622072959,184,ok,synthetic
139,1.0,0.16,0.5,0.5,0.005,0.16,6.0,1.0,6.0,5.926081185715749,0.07391881428425062,1.2319802380708438,184,ok,synthetic
140,1.0,0.16,0.5,0.5,0.02,0.16,6.0,1.0,6.0,6.021582907669291,0.021582907669291274,0.3597151278215212,184,ok,synthetic
141,1.0,0.16,0.5,1.5,0.0,0.16,6.0,1.0,6.0,5.919010046378657,0.08098995362134342,1.3498325603557237,184,ok,synthetic
142,1.0,0.16,0.5,1.5,0.005,0.16,6.0,1.0,6.0,5.847891285051567,0.15210871494843303,2.5351452491405504,184,ok,synthetic
143,1.0,0.16,0.5,1.5,0.02,0.16,6.0,1.0,6.0,5.804491473296953,0.19550852670304675,3.258475445050779,184,ok,synthetic
144,1.0,0.16,1.0,0.0,0.0,0.16,6.0,1.0,6.0,5.9644672614426435,0.0355327385573565,0.592212309289275,251,ok,synthetic
145,1.0,0.16,1.0,0.0,0.005,0.16,6.0,1.0,6.0,5.969467261442643,0.03053273855735661,0.5088789759559434,251,ok,synthetic
146,1.0,0.16,1.0,0.0,0.02,0.16,6.0,1.0,6.0,5.984467261442648,0.0155327385573516,0.25887897595586,251,ok,synthetic
147,1.0,0.16,1.0,0.5,0.0,0.16,6.0,1.0,6.0,5.943962977548255,0.056037022451745244,0.9339503741957541,251,ok,synthetic
148,1.0,0.16,1.0,0.5,0.005,0.16,6.0,1.0,6.0,5.969048314462563,0.030951685537437434,0.5158614256239572,251,ok,synthetic
149,1.0,0.16,1.0,0.5,0.02,0.16,6.0,1.0,6.0,6.045880194129429,0.04588019412942934,0.7646699021571557,251,ok,synthetic
150,1.0,0.16,1.0,1.5,0.0,0.16,6.0,1.0,6.0,5.9093877026392025,0.09061229736079746,1.5102049560132909,251,ok,synthetic
151,1.0,0.16,1.0,1.5,0.005,0.16,6.0,1.0,6.0,5.947770810325516,0.052229189674483756,0.8704864945747293,251,ok,synthetic
152,1.0,0.16,1.0,1.5,0.02,0.16,6.0,1.0,6.0,6.141803730560043,0.14180373056004303,2.3633955093340506,251,ok,synthetic
153,1.0,0.16,2.0,0.0,0.0,0.16,6.0,1.0,6.0,5.979163374640412,0.02083662535958819,0.34727708932646983,454,ok,synthetic
154,1.0,0.16,2.0,0.0,0.005,0.16,6.0,1.0,6.0,5.984163374640416,0.015836625359583856,0.26394375599306424,454,ok,synthetic
155,1.0,0.16,2.0,0.0,0.02,0.16,6.0,1.0,6.0,5.999163374640411,0.0008366253595886164,0.013943755993143606,454,ok,synthetic
156,1.0,0.16,2.0,0.5,0.0,0.16,6.0,1.0,6.0,5.952321222136383,0.047678777863617405,0.7946462977269567,454,ok,synthetic
157,1.0,0.16,2.0,0.5,0.005,0.16,6.0,1.0,6.0,6.004077390435853,0.00407739043585309,0.06795650726421816,454,ok,synthetic
158,1.0,0.16,2.0,0.5,0.02,0.16,6.0,1.0,6.0,5.980815058171907,0.01918494182809294,0.3197490304682156,454,ok,synthetic
159,1.0,0.16,2.0,1.5,0.0,0.16,6.0,1.0,6.0,6.003533967650716,0.003533967650716008,0.058899460845266795,454,ok,synthetic
160,1.0,0.16,2.0,1.5,0.005,0.16,6.0,1.0,6.0,6.0253870435586565,0.025387043558656508,0.4231173926442751,454,ok,synthetic
161,1.0,0.16,2.0,1.5,0.02,0.16,6.0,1.0,6.0,6.049421159418514,0.04942115941851366,0.823685990308561,454,ok,synthetic
162,2.0,0.04,0.5,0.0,0.0,0.04,6.0,2.0,3.0,3.141569591047122,0.14156959104712197,4.718986368237399,90,ok,synthetic
163,2.0,0.04,0.5,0.0,0.005,0.04,6.0,2.0,3.0,3.146569591047122,0.14656959104712186,4.885653034904062,90,ok,synthetic
164,2.0,0.04,0.5,0.0,0.02,0.04,6.0,2.0,3.0,3.161569591047127,0.16156959104712687,5.385653034904229,90,ok,synthetic
165,2.0,0.04,0.5,0.5,0.0,0.04,6.0,2.0,3.0,2.8674104972659213,0.13258950273407866,4.4196500911359555,90,ok,synthetic
166,2.0,0.04,0.5,0.5,0.005,0.04,6.0,2.0,3.0,3.0569938956727856,0.056993895672785566,1.8997965224261855,90,ok,synthetic
167,2.0,0.04,0.5,0.5,0.02,0.04,6.0,2.0,3.0,3.1851418935767613,0.18514189357676125,6.1713964525587075,90,ok,synthetic
168,2.0,0.04,0.5,1.5,0.0,0.04,6.0,2.0,3.0,3.1614151103408954,0.1614151103408954,5.3805036780298465,90,ok,synthetic
169,2.0,0.04,0.5,1.5,0.005,0.04,6.0,2.0,3.0,4.116363835477607,1.1163638354776069,37.21212784925356,90,ok,synthetic
170,2.0,0.04,0.5,1.5,0.02,0.04,6.0,2.0,3.0,2.191107234247107,0.8088927657528928,26.963092191763096,90,ok,synthetic
171,2.0,0.04,1.0,0.0,0.0,0.04,6.0,2.0,3.0,3.1137328920536307,0.11373289205363069,3.7910964017876894,92,ok,synthetic
172,2.0,0.04,1.0,0.0,0.005,0.04,6.0,2.0,3.0,3.1187328920536332,0.11873289205363324,3.9577630684544416,92,ok,synthetic
173,2.0,0.04,1.0,0.0,0.02,0.04,6.0,2.0,3.0,3.133732892053632,0.13373289205363204,4.457763068454401,92,ok,synthetic
174,2.0,0.04,1.0,0.5,0.0,0.04,6.0,2.0,3.0,2.7397858617401116,0.2602141382598884,8.673804608662946,92,ok,synthetic
175,2.0,0.04,1.0,0.5,0.005,0.04,6.0,2.0,3.0,2.8268745595314555,0.1731254404685445,5.770848015618149,92,ok,synthetic
176,2.0,0.04,1.0,0.5,0.02,0.04,6.0,2.0,3.0,3.1392496105870418,0.13924961058704177,4.641653686234726,92,ok,synthetic
177,2.0,0.04,1.0,1.5,0.0,0.04,6.0,2.0,3.0,4.445093950560565,1.4450939505605653,48.16979835201884,92,ok,synthetic
178,2.0,0.04,1.0,1.5,0.005,0.04,6.0,2.0,3.0,3.942545773976287,0.942545773976287,31.418192465876235,92,ok,synthetic
179,2.0,0.04,1.0,1.5,0.02,0.04,6.0,2.0,3.0,3.0332489393486464,0.03324893934864637,1.1082979782882123,92,ok,synthetic
180,2.0,0.04,2.0,0.0,0.0,0.04,6.0,2.0,3.0,3.058792864455582,0.05879286445558218,1.959762148519406,126,ok,synthetic
181,2.0,0.04,2.0,0.0,0.005,0.04,6.0,2.0,3.0,3.063792864455583,0.06379286445558296,2.126428815186099,126,ok,synthetic
182,2.0,0.04,2.0,0.0,0.02,0.04,6.0,2.0,3.0,3.078792864455585,0.07879286445558487,2.6264288151861623,126,ok,synthetic
183,2.0,0.04,2.0,0.5,0.0,0.04,6.0,2.0,3.0,2.9806326042991644,0.019367395700835566,0.6455798566945189,126,ok,synthetic
184,2.0,0.04,2.0,0.5,0.005,0.04,6.0,2.0,3.0,2.8540017325317195,0.14599826746828048,4.8666089156093495,126,ok,synthetic
185,2.0,0.04,2.0,0.5,0.02,0.04,6.0,2.0,3.0,3.0690731427241533,0.06907314272415332,2.302438090805111,126,ok,synthetic
186,2.0,0.04,2.0,1.5,0.0,0.04,6.0,2.0,3.0,2.7705215431082904,0.22947845689170965,7.649281896390321,126,ok,synthetic
187,2.0,0.04,2.0,1.5,0.005,0.04,6.0,2.0,3.0,3.06843898151222,0.06843898151221994,2.2812993837406648,126,ok,synthetic
188,2.0,0.04,2.0,1.5,0.02,0.04,6.0,2.0,3.0,3.188017218632658,0.18801721863265808,6.267240621088603,126,ok,synthetic
189,2.0,0.08,0.5,0.0,0.0,0.08,6.0,2.0,3.0,3.026205936598433,0.026205936598433066,0.8735312199477688,92,ok,synthetic
190,2.0,0.08,0.5,0.0,0.005,0.08,6.0,2.0,3.0,3.031205936598433,0.03120593659843296,1.040197886614432,92,ok,synthetic
191,2.0,0.08,0.5,0.0,0.02,0.08,6.0,2.0,3.0,3.046205936598435,0.04620593659843486,1.5401978866144954,92,ok,synthetic
192,2.0,0.08,0.5,0.5,0.0,0.08,6.0,2.0,3.0,2.9658316820127855,0.034168317987214536,1.1389439329071511,92,ok,synthetic
193,2.0,0.08,0.5,0.5,0.005,0.08,6.0,2.0,3.0,2.94051181629827,0.05948818370172981,1.982939456724327,92,ok,synthetic
194,2.0,0.08,0.5,0.5,0.02,0.08,6.0,2.0,3.0,2.990604596512885,0.009395403487114873,0.3131801162371624,92,ok,synthetic
195,2.0,0.08,0.5,1.5,0.0,0.08,6.0,2.0,3.0,3.149434671524757,0.14943467152475698,4.981155717491899,92,ok,synthetic
196,2.0,0.08,0.5,1.5,0.005,0.08,6.0,2.0,3.0,3.470892976234227,0.4708929762342269,15.696432541140895,92,ok,synthetic
197,2.0,0.08,0.5,1.5,0.02,0.08,6.0,2.0,3.0,2.8607308194393974,0.13926918056060256,4.642306018686752,92,ok,synthetic
198,2.0,0.08,1.0,0.0,0.0,0.08,6.0,2.0,3.0,2.995302257600809,0.004697742399191185,0.15659141330637283,126,ok,synthetic
199,2.0,0.08,1.0,0.0,0.005,0.08,6.0,2.0,3.0,3.00030225760081,0.00030225760081004083,0.010075253360334694,126,ok,synthetic
200,2.0,0.08,1.0,0.0,0.02,0.08,6.0,2.0,3.0,3.015302257600811,0.015302257600811053,0.5100752533603684,126,ok,synthetic
201,2.0,0.08,1.0,0.5,0.0,0.08,6.0,2.0,3.0,2.966971253261264,0.033028746738736015,1.1009582246245337,126,ok,synthetic
202,2.0,0.08,1.0,0.5,0.005,0.08,6.0,2.0,3.0,3.011186578233807,0.011186578233806976,0.3728859411268992,126,ok,synthetic
203,2.0,0.08,1.0,0.5,0.02,0.08,6.0,2.0,3.0,3.014808608521334,0.014808608521334143,0.49362028404447145,126,ok,synthetic
204,2.0,0.08,1.0,1.5,0.0,0.08,6.0,2.0,3.0,2.6596793451738203,0.3403206548261797,11.344021827539322,126,ok,synthetic
205,2.0,0.08,1.0,1.5,0.005,0.08,6.0,2.0,3.0,3.427626167371416,0.4276261673714159,14.254205579047197,126,ok,synthetic
206,2.0,0.08,1.0,1.5,0.02,0.08,6.0,2.0,3.0,2.642135347836892,0.35786465216310814,11.928821738770273,126,ok,synthetic
207,2.0,0.08,2.0,0.0,0.0,0.08,6.0,2.0,3.0,3.0074109123497736,0.007410912349773646,0.24703041165912154,228,ok,synthetic
208,2.0,0.08,2.0,0.0,0.005,0.08,6.0,2.0,3.0,3.0124109123497727,0.012410912349772651,0.41369707832575503,228,ok,synthetic
209,2.0,0.08,2.0,0.0,0.02,0.08,6.0,2.0,3.0,3.027410912349772,0.027410912349771888,0.9136970783257296,228,ok,synthetic
210,2.0,0.08,2.0,0.5,0.0,0.08,6.0,2.0,3.0,2.932577891353043,0.06742210864695686,2.2474036215652284,228,ok,synthetic
211,2.0,0.08,2.0,0.5,0.005,0.08,6.0,2.0,3.0,2.9883941339652904,0.011605866034709589,0.3868622011569863,228,ok,synthetic
212,2.0,0.08,2.0,0.5,0.02,0.08,6.0,2.0,3.0,3.0020617471533306,0.0020617471533306286,0.06872490511102096,228,ok,synthetic
213,2.0,0.08,2.0,1.5,0.0,0.08,6.0,2.0,3.0,3.1138532396104353,0.11385323961043525,3.7951079870145086,228,ok,synthetic
214,2.0,0.08,2.0,1.5,0.005,0.08,6.0,2.0,3.0,3.2519217156582836,0.2519217156582836,8.397390521942787,228,ok,synthetic
215,2.0,0.08,2.0,1.5,0.02,0.08,6.0,2.0,3.0,2.9536638255540284,0.0463361744459716,1.5445391481990534,228,ok,synthetic
216,2.0,0.16,0.5,0.0,0.0,0.16,6.0,2.0,3.0,2.9987112548609955,0.0012887451390044546,0.042958171300148486,126,ok,synthetic
217,2.0,0.16,0.5,0.0,0.005,0.16,6.0,2.0,3.0,3.0037112548609963,0.003711254860996327,0.12370849536654423,126,ok,synthetic
218,2.0,0.16,0.5,0.0,0.02,0.16,6.0,2.0,3.0,3.0187112548609965,0.01871125486099645,0.6237084953665484,126,ok,synthetic
219,2.0,0.16,0.5,0.5,0.0,0.16,6.0,2.0,3.0,3.0296511071842387,0.02965110718423869,0.988370239474623,126,ok,synthetic
220,2.0,0.16,0.5,0.5,0.005,0.16,6.0,2.0,3.0,2.9819844193054563,0.018015580694543676,0.6005193564847892,126,ok,synthetic
221,2.0,0.16,0.5,0.5,0.02,0.16,6.0,2.0,3.0,3.078116793880312,0.07811679388031179,2.603893129343726,126,ok,synthetic
222,2.0,0.16,0.5,1.5,0.0,0.16,6.0,2.0,3.0,3.0397584376490783,0.03975843764907827,1.3252812549692756,126,ok,synthetic
223,2.0,0.16,0.5,1.5,0.005,0.16,6.0,2.0,3.0,3.041748478642037,0.04174847864203679,1.3916159547345597,126,ok,synthetic
224,2.0,0.16,0.5,1.5,0.02,0.16,6.0,2.0,3.0,3.063038232332919,0.06303823233291883,2.1012744110972945,126,ok,synthetic
225,2.0,0.16,1.0,0.0,0.0,0.16,6.0,2.0,3.0,3.0060288189614393,0.006028818961439253,0.2009606320479751,228,ok,synthetic
226,2.0,0.16,1.0,0.0,0.005,0.16,6.0,2.0,3.0,3.01102881896144,0.011028818961440034,0.3676272987146678,228,ok,synthetic
227,2.0,0.16,1.0,0.0,0.02,0.16,6.0,2.0,3.0,3.0260288189614384,0.026028818961438382,0.8676272987146127,228,ok,synthetic
228,2.0,0.16,1.0,0.5,0.0,0.16,6.0,2.0,3.0,3.001327652801494,0.0013276528014940503,0.04425509338313501,228,ok,synthetic
229,2.0,0.16,1.0,0.5,0.005,0.16,6.0,2.0,3.0,3.045540688828966,0.04554068882896578,1.518022960965526,228,ok,synthetic
230,2.0,0.16,1.0,0.5,0.02,0.16,6.0,2.0,3.0,2.96441558872484,0.03558441127516021,1.1861470425053404,228,ok,synthetic
231,2.0,0.16,1.0,1.5,0.0,0.16,6.0,2.0,3.0,2.94978276458581,0.050217235414189876,1.6739078471396625,228,ok,synthetic
232,2.0,0.16,1.0,1.5,0.005,0.16,6.0,2.0,3.0,2.891596675621317,0.10840332437868305,3.6134441459561017,228,ok,synthetic
233,2.0,0.16,1.0,1.5,0.02,0.16,6.0,2.0,3.0,2.988548096091733,0.011451903908267003,0.38173013027556674,228,ok,synthetic
234,2.0,0.16,2.0,0.0,0.0,0.16,6.0,2.0,3.0,3.0044171033412086,0.004417103341208595,0.14723677804028648,460,ok,synthetic
235,2.0,0.16,2.0,0.0,0.005,0.16,6.0,2.0,3.0,3.0094171033412085,0.009417103341208488,0.3139034447069496,460,ok,synthetic
236,2.0,0.16,2.0,0.0,0.02,0.16,6.0,2.0,3.0,3.02441710334121,0.024417103341209945,0.8139034447069982,460,ok,synthetic
237,2.0,0.16,2.0,0.5,0.0,0.16,6.0,2.0,3.0,3.0003184151685027,0.0003184151685027281,0.010613838950090937,460,ok,synthetic
238,2.0,0.16,2.0,0.5,0.005,0.16,6.0,2.0,3.0,2.999129068423155,0.0008709315768449244,0.02903105256149748,460,ok,synthetic
239,2.0,0.16,2.0,0.5,0.02,0.16,6.0,2.0,3.0,2.9845287893609243,0.01547121063907575,0.515707021302525,460,ok,synthetic
240,2.0,0.16,2.0,1.5,0.0,0.16,6.0,2.0,3.0,2.9748624148795266,0.02513758512047337,0.8379195040157791,460,ok,synthetic
241,2.0,0.16,2.0,1.5,0.005,0.16,6.0,2.0,3.0,2.9295041322488453,0.07049586775115468,2.349862258371823,460,ok,synthetic
242,2.0,0.16,2.0,1.5,0.02,0.16,6.0,2.0,3.0,3.0177578498031417,0.017757849803141657,0.5919283267713885,460,ok,synthetic
243,4.0,0.04,0.5,0.0,0.0,0.04,6.0,4.0,1.5,1.5930497577903182,0.09304975779031821,6.203317186021214,46,ok,synthetic
244,4.0,0.04,0.5,0.0,0.005,0.04,6.0,4.0,1.5,1.5980497577903177,0.09804975779031766,6.53665051935451,46,ok,synthetic
245,4.0,0.04,0.5,0.0,0.02,0.04,6.0,4.0,1.5,1.61304975779032,0.11304975779032,7.536650519354667,46,ok,synthetic
246,4.0,0.04,0.5,0.5,0.0,0.04,6.0,4.0,1.5,1.3590001700612118,0.14099982993878823,9.399988662585882,46,ok,synthetic
247,4.0,0.04,0.5,0.5,0.005,0.04,6.0,4.0,1.5,1.5840695910358715,0.08406959103587153,5.6046394023914345,46,ok,synthetic
248,4.0,0.04,0.5,0.5,0.02,0.04,6.0,4.0,1.5,1.4069394058501599,0.09306059414984014,6.204039609989342,46,ok,synthetic
249,4.0,0.04,0.5,1.5,0.0,0.04,6.0,4.0,1.5,1.4497582777337714,0.05024172226622858,3.3494481510819054,46,ok,synthetic
250,4.0,0.04,0.5,1.5,0.005,0.04,6.0,4.0,1.5,1.553699153631827,0.05369915363182698,3.579943575455132,46,ok,synthetic
251,4.0,0.04,0.5,1.5,0.02,0.04,6.0,4.0,1.5,2.1447396406463715,0.6447396406463715,42.982642709758096,46,ok,synthetic
252,4.0,0.04,1.0,0.0,0.0,0.04,6.0,4.0,1.5,1.5538031127630405,0.053803112763040506,3.5868741842027005,63,ok,synthetic
253,4.0,0.04,1.0,0.0,0.005,0.04,6.0,4.0,1.5,1.5588031127630426,0.05880311276304262,3.920207517536175,63,ok,synthetic
254,4.0,0.04,1.0,0.0,0.02,0.04,6.0,4.0,1.5,1.5738031127630407,0.07380311276304075,4.92020751753605,63,ok,synthetic
255,4.0,0.04,1.0,0.5,0.0,0.04,6.0,4.0,1.5,1.505281498155531,0.005281498155530917,0.35209987703539447,63,ok,synthetic
256,4.0,0.04,1.0,0.5,0.005,0.04,6.0,4.0,1.5,1.3547013840350013,0.1452986159649987,9.68657439766658,63,ok,synthetic
257,4.0,0.04,1.0,0.5,0.02,0.04,6.0,4.0,1.5,1.6307996989414535,0.1307996989414535,8.719979929430233,63,ok,synthetic
258,4.0,0.04,1.0,1.5,0.0,0.04,6.0,4.0,1.5,1.6842041535599659,0.1842041535599659,12.280276903997725,63,ok,synthetic
259,4.0,0.04,1.0,1.5,0.005,0.04,6.0,4.0,1.5,1.3912023851208968,0.10879761487910322,7.253174325273548,63,ok,synthetic
260,4.0,0.04,1.0,1.5,0.02,0.04,6.0,4.0,1.5,1.4632279617343007,0.0367720382656993,2.451469217713287,63,ok,synthetic
261,4.0,0.04,2.0,0.0,0.0,0.04,6.0,4.0,1.5,1.5314058061166964,0.03140580611669641,2.093720407779761,114,ok,synthetic
262,4.0,0.04,2.0,0.0,0.005,0.04,6.0,4.0,1.5,1.5364058061166956,0.03640580611669564,2.4270537411130424,114,ok,synthetic
263,4.0,0.04,2.0,0.0,0.02,0.04,6.0,4.0,1.5,1.551405806116695,0.051405806116695096,3.4270537411130064,114,ok,synthetic
264,4.0,0.04,2.0,0.5,0.0,0.04,6.0,4.0,1.5,1.2886763938969172,0.21132360610308276,14.088240406872183,114,ok,synthetic
265,4.0,0.04,2.0,0.5,0.005,0.04,6.0,4.0,1.5,1.3942036373521818,0.10579636264781822,7.053090843187881,114,ok,synthetic
266,4.0,0.04,2.0,0.5,0.02,0.04,6.0,4.0,1.5,1.4879408320832002,0.01205916791679984,0.803944527786656,114,ok,synthetic
267,4.0,0.04,2.0,1.5,0.0,0.04,6.0,4.0,1.5,1.358508730339495,0.14149126966050507,9.432751310700338,114,ok,synthetic
268,4.0,0.04,2.0,1.5,0.005,0.04,6.0,4.0,1.5,1.3550921492760877,0.14490785072391232,9.660523381594155,114,ok,synthetic
269,4.0,0.04,2.0,1.5,0.02,0.04,6.0,4.0,1.5,1.4167767725794083,0.08322322742059174,5.5482151613727835,114,ok,synthetic
270,4.0,0.08,0.5,0.0,0.0,0.08,6.0,4.0,1.5,1.5085344855215983,0.0085344855215983,0.5689657014398867,63,ok,synthetic
271,4.0,0.08,0.5,0.0,0.005,0.08,6.0,4.0,1.5,1.5135344855216004,0.013534485521600415,0.9022990347733609,63,ok,synthetic
272,4.0,0.08,0.5,0.0,0.02,0.08,6.0,4.0,1.5,1.5285344855215992,0.028534485521599207,1.9022990347732804,63,ok,synthetic
273,4.0,0.08,0.5,0.5,0.0,0.08,6.0,4.0,1.5,1.499517246824624,0.0004827531753759384,0.032183545025062564,63,ok,synthetic
274,4.0,0.08,0.5,0.5,0.005,0.08,6.0,4.0,1.5,1.4439470932255156,0.05605290677448438,3.736860451632292,63,ok,synthetic
275,4.0,0.08,0.5,0.5,0.02,0.08,6.0,4.0,1.5,1.5259365497388306,0.02593654973883064,1.7291033159220426,63,ok,synthetic
276,4.0,0.08,0.5,1.5,0.0,0.08,6.0,4.0,1.5,1.6326083595675487,0.13260835956754868,8.840557304503244,63,ok,synthetic
277,4.0,0.08,0.5,1.5,0.005,0.08,6.0,4.0,1.5,1.5604083457815565,0.060408345781556516,4.027223052103768,63,ok,synthetic
278,4.0,0.08,0.5,1.5,0.02,0.08,6.0,4.0,1.5,1.795685757053007,0.2956857570530069,19.712383803533793,63,ok,synthetic
279,4.0,0.08,1.0,0.0,0.0,0.08,6.0,4.0,1.5,1.5131194999732769,0.013119499973276882,0.8746333315517921,114,ok,synthetic
280,4.0,0.08,1.0,0.0,0.005,0.08,6.0,4.0,1.5,1.5181194999732754,0.018119499973275444,1.2079666648850296,114,ok,synthetic
281,4.0,0.08,1.0,0.0,0.02,0.08,6.0,4.0,1.5,1.5331194999732751,0.033119499973275124,2.2079666648850083,114,ok,synthetic
282,4.0,0.08,1.0,0.5,0.0,0.08,6.0,4.0,1.5,1.4762294297778367,0.023770570222163334,1.5847046814775556,114,ok,synthetic
283,4.0,0.08,1.0,0.5,0.005,0.08,6.0,4.0,1.5,1.501211763480266,0.0012117634802659705,0.08078423201773137,114,ok,synthetic
284,4.0,0.08,1.0,0.5,0.02,0.08,6.0,4.0,1.5,1.4955314579899044,0.004468542010095611,0.2979028006730407,114,ok,synthetic
285,4.0,0.08,1.0,1.5,0.0,0.08,6.0,4.0,1.5,1.4180535418169482,0.0819464581830518,5.463097212203453,114,ok,synthetic
286,4.0,0.08,1.0,1.5,0.005,0.08,6.0,4.0,1.5,1.7595208798038962,0.25952087980389615,17.301391986926408,114,ok,synthetic
287,4.0,0.08,1.0,1.5,0.02,0.08,6.0,4.0,1.5,1.6743780271901152,0.1743780271901152,11.625201812674346,114,ok,synthetic
288,4.0,0.08,2.0,0.0,0.0,0.08,6.0,4.0,1.5,1.5065909690320762,0.006590969032076233,0.4393979354717488,230,ok,synthetic
289,4.0,0.08,2.0,0.0,0.005,0.08,6.0,4.0,1.5,1.5115909690320768,0.011590969032076792,0.7727312688051194,230,ok,synthetic
290,4.0,0.08,2.0,0.0,0.02,0.08,6.0,4.0,1.5,1.5265909690320771,0.02659096903207714,1.7727312688051426,230,ok,synthetic
291,4.0,0.08,2.0,0.5,0.0,0.08,6.0,4.0,1.5,1.4987704469766854,0.0012295530233146224,0.08197020155430816,230,ok,synthetic
292,4.0,0.08,2.0,0.5,0.005,0.08,6.0,4.0,1.5,1.4930902907356616,0.006909709264338426,0.4606472842892284,230,ok,synthetic
293,4.0,0.08,2.0,0.5,0.02,0.08,6.0,4.0,1.5,1.5017156722243525,0.001715672224352538,0.1143781482901692,230,ok,synthetic
294,4.0,0.08,2.0,1.5,0.0,0.08,6.0,4.0,1.5,1.3824620586368774,0.11753794136312257,7.835862757541505,230,ok,synthetic
295,4.0,0.08,2.0,1.5,0.005,0.08,6.0,4.0,1.5,1.52191165647972,0.021911656479719932,1.4607770986479955,230,ok,synthetic
296,4.0,0.08,2.0,1.5,0.02,0.08,6.0,4.0,1.5,1.6137063917681955,0.11370639176819552,7.580426117879701,230,ok,synthetic
297,4.0,0.16,0.5,0.0,0.0,0.16,6.0,4.0,1.5,1.5150689797847778,0.015068979784777836,1.0045986523185224,114,ok,synthetic
298,4.0,0.16,0.5,0.0,0.005,0.16,6.0,4.0,1.5,1.520068979784778,0.02006897978477795,1.3379319856518634,114,ok,synthetic
299,4.0,0.16,0.5,0.0,0.02,0.16,6.0,4.0,1.5,1.5350689797847765,0.03506897978477652,2.337931985651768,114,ok,synthetic
300,4.0,0.16,0.5,0.5,0.0,0.16,6.0,4.0,1.5,1.4975339389505664,0.0024660610494335877,0.1644040699622392,114,ok,synthetic
301,4.0,0.16,0.5,0.5,0.005,0.16,6.0,4.0,1.5,1.521613316914107,0.02161331691410706,1.440887794273804,114,ok,synthetic
302,4.0,0.16,0.5,0.5,0.02,0.16,6.0,4.0,1.5,1.5074569112035203,0.007456911203520322,0.4971274135680215,114,ok,synthetic
303,4.0,0.16,0.5,1.5,0.0,0.16,6.0,4.0,1.5,1.4880048262331413,0.011995173766858658,0.7996782511239106,114,ok,synthetic
304,4.0,0.16,0.5,1.5,0.005,0.16,6.0,4.0,1.5,1.4149315449124664,0.08506845508753358,5.671230339168905,114,ok,synthetic
305,4.0,0.16,0.5,1.5,0.02,0.16,6.0,4.0,1.5,1.535921868929472,0.03592186892947202,2.3947912619648015,114,ok,synthetic
306,4.0,0.16,1.0,0.0,0.0,0.16,6.0,4.0,1.5,1.5040329291827343,0.004032929182734346,0.2688619455156231,230,ok,synthetic
307,4.0,0.16,1.0,0.0,0.005,0.16,6.0,4.0,1.5,1.5090329291827351,0.009032929182735128,0.6021952788490085,230,ok,synthetic
308,4.0,0.16,1.0,0.0,0.02,0.16,6.0,4.0,1.5,1.5240329291827341,0.024032929182734142,1.6021952788489429,230,ok,synthetic
309,4.0,0.16,1.0,0.5,0.0,0.16,6.0,4.0,1.5,1.4965188408418901,0.00348115915810987,0.23207727720732466,230,ok,synthetic
310,4.0,0.16,1.0,0.5,0.005,0.16,6.0,4.0,1.5,1.514152303810427,0.01415230381042698,0.9434869206951321,230,ok,synthetic
311,4.0,0.16,1.0,0.5,0.02,0.16,6.0,4.0,1.5,1.4977205870636026,0.0022794129363974402,0.151960862426496,230,ok,synthetic
312,4.0,0.16,1.0,1.5,0.0,0.16,6.0,4.0,1.5,1.4507608616202772,0.049239138379722824,3.282609225314855,230,ok,synthetic
313,4.0,0.16,1.0,1.5,0.005,0.16,6.0,4.0,1.5,1.4499036139111245,0.050096386088875455,3.339759072591697,230,ok,synthetic
314,4.0,0.16,1.0,1.5,0.02,0.16,6.0,4.0,1.5,1.5323793074421521,0.03237930744215212,2.1586204961434743,230,ok,synthetic
315,4.0,0.16,2.0,0.0,0.0,0.16,6.0,4.0,1.5,1.4948773155945403,0.00512268440545971,0.341512293697314,461,ok,synthetic
316,4.0,0.16,2.0,0.0,0.005,0.16,6.0,4.0,1.5,1.4998773155945402,0.0001226844054598164,0.00817896036398776,461,ok,synthetic
317,4.0,0.16,2.0,0.0,0.02,0.16,6.0,4.0,1.5,1.51487731559454,0.014877315594540086,0.9918210396360058,461,ok,synthetic
318,4.0,0.16,2.0,0.5,0.0,0.16,6.0,4.0,1.5,1.4971217883480359,0.002878211651964113,0.19188077679760754,461,ok,synthetic
319,4.0,0.16,2.0,0.5,0.005,0.16,6.0,4.0,1.5,1.4808939119951738,0.01910608800482616,1.273739200321744,461,ok,synthetic
320,4.0,0.16,2.0,0.5,0.02,0.16,6.0,4.0,1.5,1.5109997162350475,0.010999716235047474,0.7333144156698316,461,ok,synthetic
321,4.0,0.16,2.0,1.5,0.0,0.16,6.0,4.0,1.5,1.451848137253316,0.04815186274668393,3.2101241831122618,461,ok,synthetic
322,4.0,0.16,2.0,1.5,0.005,0.16,6.0,4.0,1.5,1.4926690970590069,0.007330902940993145,0.4887268627328763,461,ok,synthetic
323,4.0,0.16,2.0,1.5,0.02,0.16,6.0,4.0,1.5,1.5319306874688237,0.03193068746882366,2.1287124979215775,461,ok,synthetic
